group,n_auto,n_gpt_judge,auto_mean,gpt_judge_mean,auto_normalized,gpt_judge_normalized,composite,rank
H4_sop_only,45,45,2.0246666666666666,4.022222222222222,1.0,0.9878787878787872,0.9939393939393937,1
H3_skeleton,45,45,1.822,4.0311111111111115,0.738231917336395,1.0,0.8691159586681976,2
G_template_rules,45,45,1.8262222222222222,4.0,0.7436854190585533,0.9575757575757571,0.8506305883171552,3
H2_keep_examples,45,45,1.74,3.9466666666666668,0.6323191733639495,0.8848484848484844,0.758583829106217,4
E_rules_v2,45,45,1.8393333333333333,3.8088888888888888,0.7606199770378874,0.6969696969696965,0.728794837003792,5
C_full,45,45,1.7704444444444445,3.528888888888889,0.6716417910447762,0.3151515151515151,0.4933966530981456,6
F_template,45,45,1.4424444444444444,3.6222222222222222,0.24799081515499422,0.4424242424242422,0.34520752878961825,7
B_simple,45,45,1.522888888888889,3.3733333333333335,0.3518943742824341,0.10303030303030332,0.2274623386563687,8
A_bare,45,45,1.2504444444444445,3.2977777777777777,0.0,0.0,0.0,9
